{
  "preferred_std_gt_VARK_mode": "random",
  "std_gt_level_mode": "random",
  "inv_improvement_speed" : [1, 1, 1, 1, 1, 1],

  "preferred_std_gt_VARK": [1,1,0,0],
  "std_gt_level": ["E0","E0","E0","E0","E0","E0"],

  "time_spent_Tmin": 1,
  "time_spent_Tmax": 12,

  "T_min_E": 0,
  "T_max_E": 4,
  "hints_min_E": 0,
  "hints_max_E": 4,
  "atts_min_E": 0,
  "atts_max_E": 4,
  "G_min_E": 0,
  "G_max_E": 10,
  "Tem": 1,
  "improvement_T_factor_E":0.9,
  "improvement_hints_factor_E":0.9,
  "improvement_atts_factor_E":0.9,
  "improvement_G_factor_E":0.3,

  "T_min_M": 2,
  "T_max_M": 5,
  "hints_min_M": 0,
  "hints_max_M": 4,
  "atts_min_M": 0,
  "atts_max_M": 4,
  "G_min_M": 0,
  "G_max_M": 10,
  "Tmh": 1,
  "improvement_T_factor_M":0.9,
  "improvement_hints_factor_M":0.9,
  "improvement_atts_factor_M":0.9,
  "improvement_G_factor_M":0.3,

  "T_min_H": 3,
  "T_max_H": 5,
  "hints_min_H": 0,
  "hints_max_H": 4,
  "atts_min_H": 0,
  "atts_max_H": 4,
  "G_min_H": 0,
  "G_max_H": 10,
  "improvement_T_factor_H":0.9,
  "improvement_hints_factor_H":0.9,
  "improvement_atts_factor_H":0.9,
  "improvement_G_factor_H":0.3,

  "VARK_reward_factor": 1.0,
  "improvement_reward_factor": 1.0,
  "difficulty_reward_factor": 1.0,
  "stats_reward_factor": 1.0,
  "verbose": false,

  "device": "cuda:0",
  "mode": "train",
  "batch_size": 4096,
  "learning_rate": 7e-4,
  "memory_size": 100000,
  "discount_factor": 0.999,
  "checkpoint_dir" :"experiment_moemen_new_improvement",
  "num_episodes": 1000000,
  "delta_difficulties": false,
  "save_every_iterations": 1000,
  "print_every_iterations": 100,
  "plot_every_iterations": 1000,
  "max_unroll_depth": 100,
  "initial_checkpoint_file": "checkpoint.pth.tar",
  "eps_start": 0.9,
  "eps_end": 0.05,
  "eps_decay": 10000,
  "target_update_every": 1000
}
